{
  "cases": [
    {
      "adjoint_diagnostics_times_s": [
        0.0029770000001008157,
        0.002680999999938649,
        0.0026029999999082065
      ],
      "adjoint_solve_times_s": [
        0.0019219999999222637,
        0.0011730000001080043
      ],
      "case": "geometry4_w7x_like_small_rhs4_radial_current",
      "hdf5_fields": {
        "RHSMode": {
          "shape": [],
          "values": 4
        },
        "adjointParticleFluxOption": {
          "shape": [
            2
          ],
          "values": [
            1,
            1
          ]
        },
        "adjointRadialCurrentOption": {
          "shape": [],
          "values": 1
        },
        "dParallelFlowdLambda": {
          "shape": [
            1,
            4,
            2,
            1
          ],
          "values": [
            [
              [
                [
                  0.0
                ],
                [
                  0.0
                ]
              ],
              [
                [
                  0.0
                ],
                [
                  0.0
                ]
              ],
              [
                [
                  0.0
                ],
                [
                  0.0
                ]
              ],
              [
                [
                  0.0
                ],
                [
                  0.0
                ]
              ]
            ]
          ]
        },
        "dParticleFluxdLambda": {
          "shape": [
            1,
            4,
            2,
            1
          ],
          "values": [
            [
              [
                [
                  -2.5419940523818905e-08
                ],
                [
                  -1.6688440185986772e-09
                ]
              ],
              [
                [
                  -2.1452517447485144e-09
                ],
                [
                  -1.718232244348001e-10
                ]
              ],
              [
                [
                  -3.136924069231282e-09
                ],
                [
                  -1.854722892664832e-10
                ]
              ],
              [
                [
                  -4.507267303752549e-08
                ],
                [
                  -2.59255992797443e-09
                ]
              ]
            ]
          ]
        },
        "dRadialCurrentdLambda": {
          "shape": [
            1,
            4,
            1
          ],
          "values": [
            [
              [
                -2.3751096505220246e-08
              ],
              [
                -1.9734285203137135e-09
              ],
              [
                -2.951451779964798e-09
              ],
              [
                -4.248011310955108e-08
              ]
            ]
          ]
        }
      },
      "jacobian_nnz": [
        19566
      ],
      "main_solve_times_s": [
        0.03550099999984013
      ],
      "max_rss_bytes": 122994688,
      "preconditioner_nnz": [
        15436
      ],
      "wall_time_s": 0.11
    },
    {
      "adjoint_diagnostics_times_s": [
        0.002727000000049884,
        0.0026719999996203114,
        0.002662999999756721
      ],
      "adjoint_solve_times_s": [
        0.001787000000149419,
        0.001146000000062486
      ],
      "case": "geometry4_w7x_like_small_rhs4_heat_flux",
      "hdf5_fields": {
        "RHSMode": {
          "shape": [],
          "values": 4
        },
        "adjointHeatFluxOption": {
          "shape": [
            2
          ],
          "values": [
            1,
            1
          ]
        },
        "adjointTotalHeatFluxOption": {
          "shape": [],
          "values": 1
        },
        "dHeatFluxdLambda": {
          "shape": [
            1,
            4,
            2,
            1
          ],
          "values": [
            [
              [
                [
                  -7.104785864400508e-08
                ],
                [
                  -3.1012393376241924e-09
                ]
              ],
              [
                [
                  -7.329460681557496e-09
                ],
                [
                  -3.3485540173730997e-10
                ]
              ],
              [
                [
                  -7.816151259972246e-09
                ],
                [
                  -3.329944522871874e-10
                ]
              ],
              [
                [
                  -1.0785322765689997e-07
                ],
                [
                  -4.425608537044612e-09
                ]
              ]
            ]
          ]
        },
        "dTotalHeatFluxdLambda": {
          "shape": [
            1,
            4,
            1
          ],
          "values": [
            [
              [
                -7.414909798162927e-08
              ],
              [
                -7.6643160832948e-09
              ],
              [
                -8.149145712259431e-09
              ],
              [
                -1.1227883619394461e-07
              ]
            ]
          ]
        }
      },
      "jacobian_nnz": [
        19566
      ],
      "main_solve_times_s": [
        0.028633000000354514
      ],
      "max_rss_bytes": 125288448,
      "preconditioner_nnz": [
        15436
      ],
      "wall_time_s": 0.08
    },
    {
      "adjoint_diagnostics_times_s": [
        0.0034640000000081272,
        0.003578000000004522,
        0.0033320000000003347
      ],
      "adjoint_solve_times_s": [
        0.0017229999999983647,
        0.0018990000000087548,
        0.0011729999999943175
      ],
      "ambipolar_solve_times_s": [
        0.0871039999999823
      ],
      "case": "geometry4_w7x_like_small_rhs5_heat_flux",
      "hdf5_fields": {
        "Er": {
          "shape": [],
          "values": 0.0
        },
        "RHSMode": {
          "shape": [],
          "values": 5
        },
        "adjointHeatFluxOption": {
          "shape": [
            2
          ],
          "values": [
            1,
            1
          ]
        },
        "adjointTotalHeatFluxOption": {
          "shape": [],
          "values": 1
        },
        "dHeatFluxdLambda": {
          "shape": [
            1,
            4,
            2,
            1
          ],
          "values": [
            [
              [
                [
                  -4.590992526196004e-08
                ],
                [
                  -4.175350711302064e-09
                ]
              ],
              [
                [
                  -5.240837505473089e-09
                ],
                [
                  -4.24099568099921e-10
                ]
              ],
              [
                [
                  -4.6923629919796235e-09
                ],
                [
                  -4.664698838836813e-10
                ]
              ],
              [
                [
                  -6.289253587625765e-08
                ],
                [
                  -6.346720733344194e-09
                ]
              ]
            ]
          ]
        },
        "dPhiHatdpsiHat": {
          "shape": [],
          "values": 0.0
        },
        "dPhidPsidLambda": {
          "shape": [
            1,
            4,
            1
          ],
          "values": [
            [
              [
                2.1089963333733737
              ],
              [
                0.17522914685209942
              ],
              [
                0.2620763570062116
              ],
              [
                3.7720656137561535
              ]
            ]
          ]
        },
        "dTotalHeatFluxdLambda": {
          "shape": [
            1,
            4,
            1
          ],