{
  "cases": [
    {
      "case": "geometry1_helical_production_option1",
      "elapsed_wall_s": 241.28552066581324,
      "log_path": "/tmp/sfincs_v3_ambipolar_reference_20260623_production_profile/geometry1_helical_production_option1/fortran_stdout.log",
      "namelist": "benchmarks/fortran_v3_ambipolar_reference/namelists/geometry1_helical_production_option1.namelist",
      "parsed": {
        "adjoint_solve_times_s": [
          1.2279279999997925,
          1.0767439999999624,
          0.5548690000000533,
          1.0194250000004104,
          1.2055450000002566,
          0.9721309999999903,
          2.221649999999954,
          1.4565889999998944,
          1.2562909999996918,
          2.0617409999999836
        ],
        "er_values": [
          -20.0,
          20.0,
          0.0,
          -5.7112057031742625,
          -0.199947288549998,
          -2.06404405833331,
          -2.8194069449549515,
          -3.193743117915829,
          -3.260175381918354,
          -3.2618865363137988,
          0.0,
          0.0
        ],
        "internal_ambipolar_time_s": 166.18418900000006,
        "jacobian_nnz": [
          2277524,
          2277524,
          1568916,
          2277524,
          2277524,
          2277524,
          2277524,
          2277524,
          2277524,
          2277524
        ],
        "ksp_convergence_reasons": [],
        "main_solve_times_s": [
          13.54547599999978,
          15.295646999999917,
          7.288450000000012,
          15.373501000000033,
          16.873078000000078,
          15.323725000000195,
          19.943804,
          15.894770000000335,
          13.801590000000033,
          18.469734000000244
        ],
        "matrix_sizes": [],
        "max_ksp_iteration_index": 3,
        "max_rss_bytes": 5734858752,
        "mumps_jobs": {
          "analysis": 0,
          "destroy": 0,
          "factor": 0,
          "solve": 0
        },
        "petsc_profile_markers": {
          "ksp_view": true,
          "log_view": true,
          "pc_view": true
        },
        "preconditioner_nnz": [
          2277524,
          2277524,
          1568916,
          2277524,
          2277524,
          2277524,
          2277524,
          2277524,
          2277524,
          2277524
        ],
        "radial_currents": [
          -0.00012535699185014935,
          0.000124217235086464,
          0.0008536312098557521,
          -7.034407766267272e-05,
          0.0007940271746671025,
          0.00011728478349857011,
          3.08611247417027e-05,
          4.100241471632354e-06,
          1.0048767315091141e-07,
          6.456892835956054e-11,
          0.0,
          0.0
        ],
        "solver_packages": [
          "mumps"
        ],
        "success_markers": {
          "brent_successful": false,
          "goodbye": true,
          "mpi_finalize_error": true,
          "newton_successful": true
        },
        "wall_time_s": 241.25
      },
      "return_code": 143,
      "scratch_dir": "/tmp/sfincs_v3_ambipolar_reference_20260623_production_profile/geometry1_helical_production_option1",
      "timed_out": false
    },
    {
      "case": "geometry1_helical_production_option2",
      "elapsed_wall_s": 170.11269829096273,
      "log_path": "/tmp/sfincs_v3_ambipolar_reference_20260623_production_profile/geometry1_helical_production_option2/fortran_stdout.log",
      "namelist": "benchmarks/fortran_v3_ambipolar_reference/namelists/geometry1_helical_production_option2.namelist",
      "parsed": {
        "adjoint_solve_times_s": [],
        "er_values": [
          -20.0,
          20.0,
          0.0,
          -17.439049998116158,
          -8.719524999058079,
          -4.359762499529039,
          -2.1798812497645197,
          -3.686840210284829,
          -3.1772463691479533,
          -3.275604395969511,
          -3.2623177918264656,
          -3.2618874620826617
        ],
        "internal_ambipolar_time_s": null,
        "jacobian_nnz": [
          2277524,
          2277524,
          1568916,
          2277524,
          2277524,
          2277524,
          2277524,
          2277524,
          2277524,
          2277524,
          2277524,
          2277524
        ],
        "ksp_convergence_reasons": [],
        "main_solve_times_s": [
          13.3395459999997,
          15.509801000000152,
          7.959806999999728,
          14.065282000000025,
          15.405490999999984,
          15.97513600000002,
          15.859523999999965,
          15.60007399999995,
          14.723352999999861,
          15.304521000000022,
          12.983843999999863,
          12.428372000000309
        ],
        "matrix_sizes": [],
        "max_ksp_iteration_index": 3,
        "max_rss_bytes": 5770428416,
        "mumps_jobs": {
          "analysis": 0,
          "destroy": 0,
          "factor": 0,
          "solve": 0
        },
        "petsc_profile_markers": {
          "ksp_view": true,
          "log_view": false,
          "pc_view": true
        },
        "preconditioner_nnz": [
          2277524,
          2277524,
          1568916,
          2277524,
          2277524,
          2277524,
          2277524,
          2277524,
          2277524,
          2277524,
          2277524,
          2277524
        ],
        "radial_currents": [
          -0.00012535699185014935,
          0.000124217235086464,
          0.0008536312098557521,
          -0.00011913539844760219,
          -9.215722605060292e-05,
          -4.473569686487105e-05,
          0.00010018223548718296,
          -2.1426765660623544e-05,
          5.1247831978245675e-06,
          -8.003976367686209e-07,
          -2.5229920612128155e-08,
          8.117289714606448e-12
        ],
        "solver_packages": [
          "mumps"
        ],
        "success_markers": {
          "brent_successful": false,
          "goodbye": false,
          "mpi_finalize_error": false,
          "newton_successful": false
        },
        "wall_time_s": 170.07
      },
      "return_code": 0,
      "scratch_dir": "/tmp/sfincs_v3_ambipolar_reference_20260623_production_profile/geometry1_helical_production_option2",
      "timed_out": false
    },
    {
      "case": "geometry1_helical_production_option3",
      "elapsed_wall_s": 192.8418201659806,
      "log_path": "/tmp/sfincs_v3_ambipolar_reference_20260623_production_profile/geometry1_helical_production_option3/fortran_stdout.log",
      "namelist": "benchmarks/fortran_v3_ambipolar_reference/namelists/geometry1_helical_production_option3.namelist",
      "parsed": {
        "adjoint_solve_times_s": [
          0.5427090000002863,
          1.2181519999999182,
          1.5279679999998734,
          1.3635999999996784,
          1.2500959999997576,
          1.1589899999999034,
          0.8642289999997956,
          1.07869699999992
        ],
        "er_values": [
          0.0,
          -5.7112057031742625,
          -0.199947288549998,
          -2.06404405833331,
          -2.8194069449549515,
          -3.193743117915829,
          -3.260175381918354,
          -3.2618865363137988,
          0.0,
          0.0,
          0.0,
          0.0
        ],
        "internal_ambipolar_time_s": 117.71128099999987,
        "jacobian_nnz": [
          1568916,
          2277524,
          2277524,
          2277524,
          2277524,
          2277524,
          2277524,
          2277524
        ],
        "ksp_convergence_reasons": [],
        "main_solve_times_s": [
          5.704789999999775,
          12.765972999999576,
          15.621527000000242,
          15.26441399999976,
          13.957059999999728,
          12.9335030000002,
          15.624856999999793,
          15.821068999999625
        ],
        "matrix_sizes": [],
        "max_ksp_iteration_index": 3,
        "max_rss_bytes": 5808996352,
        "mumps_jobs": {
          "analysis": 0,
          "destroy": 0,
          "factor": 0,
          "solve": 0
        },