{
  "cases": [
    {
      "case": "geometry1_helical_small_option1",
      "elapsed_wall_s": 75.37351058307104,
      "log_path": "/tmp/sfincs_v3_ambipolar_reference_20260623_small_profile/geometry1_helical_small_option1/fortran_stdout.log",
      "namelist": "benchmarks/fortran_v3_ambipolar_reference/namelists/geometry1_helical_small_option1.namelist",
      "parsed": {
        "adjoint_solve_times_s": [
          0.0012899999996989209,
          0.0015480000001844019,
          0.0013429999999061693,
          0.0014080000000831205
        ],
        "er_values": [
          -20.0,
          20.0,
          0.0,
          -2.01579684708909,
          0.0,
          0.0,
          0.0,
          0.0
        ],
        "internal_ambipolar_time_s": 0.25821200000018507,
        "jacobian_nnz": [
          26750,
          26750,
          19566,
          26750
        ],
        "ksp_convergence_reasons": [],
        "main_solve_times_s": [
          0.07304500000009284,
          0.06221799999957511,
          0.06365499999992608,
          0.03805800000009185
        ],
        "matrix_sizes": [],
        "max_ksp_iteration_index": 2,
        "max_rss_bytes": 153550848,
        "mumps_jobs": {
          "analysis": 0,
          "destroy": 0,
          "factor": 0,
          "solve": 0
        },
        "petsc_profile_markers": {
          "ksp_view": true,
          "log_view": true,
          "pc_view": true
        },
        "preconditioner_nnz": [
          26750,
          26750,
          19566,
          26750
        ],
        "radial_currents": [
          -1.1412112272292334e-05,
          1.3431619289899532e-05,
          1.078787197904619e-06,
          -1.0650279455435228e-09,
          0.0,
          0.0,
          0.0,
          0.0
        ],
        "solver_packages": [
          "mumps"
        ],
        "success_markers": {
          "brent_successful": false,
          "goodbye": true,
          "mpi_finalize_error": true,
          "newton_successful": true
        },
        "wall_time_s": 75.33
      },
      "return_code": 143,
      "scratch_dir": "/tmp/sfincs_v3_ambipolar_reference_20260623_small_profile/geometry1_helical_small_option1",
      "timed_out": false
    },
    {
      "case": "geometry1_helical_small_option2",
      "elapsed_wall_s": 75.36506500001997,
      "log_path": "/tmp/sfincs_v3_ambipolar_reference_20260623_small_profile/geometry1_helical_small_option2/fortran_stdout.log",
      "namelist": "benchmarks/fortran_v3_ambipolar_reference/namelists/geometry1_helical_small_option2.namelist",
      "parsed": {
        "adjoint_solve_times_s": [],
        "er_values": [
          -20.0,
          20.0,
          0.0,
          -1.7273170766902488,
          -2.0106420714543676,
          0.0,
          0.0,
          0.0
        ],
        "internal_ambipolar_time_s": 0.2645999999999731,
        "jacobian_nnz": [
          26750,
          26750,
          19566,
          26750,
          26750
        ],
        "ksp_convergence_reasons": [],
        "main_solve_times_s": [
          0.05337599999984377,
          0.054795999999896594,
          0.04851099999996222,
          0.05237199999965014,
          0.04962400000022171
        ],
        "matrix_sizes": [],
        "max_ksp_iteration_index": 2,
        "max_rss_bytes": 150831104,
        "mumps_jobs": {
          "analysis": 0,
          "destroy": 0,
          "factor": 0,
          "solve": 0
        },
        "petsc_profile_markers": {
          "ksp_view": true,
          "log_view": true,
          "pc_view": true
        },
        "preconditioner_nnz": [
          26750,
          26750,
          19566,
          26750,
          26750
        ],
        "radial_currents": [
          -1.1412112272292334e-05,
          1.3431619289899532e-05,
          1.078787197904619e-06,
          1.5377115084457295e-07,
          1.7031683421752903e-09,
          0.0,
          0.0,
          0.0
        ],
        "solver_packages": [
          "mumps"
        ],
        "success_markers": {
          "brent_successful": true,
          "goodbye": true,
          "mpi_finalize_error": true,
          "newton_successful": false
        },
        "wall_time_s": 75.31
      },
      "return_code": 143,
      "scratch_dir": "/tmp/sfincs_v3_ambipolar_reference_20260623_small_profile/geometry1_helical_small_option2",
      "timed_out": false
    },
    {
      "case": "geometry1_helical_small_option3",
      "elapsed_wall_s": 75.2686981249135,
      "log_path": "/tmp/sfincs_v3_ambipolar_reference_20260623_small_profile/geometry1_helical_small_option3/fortran_stdout.log",
      "namelist": "benchmarks/fortran_v3_ambipolar_reference/namelists/geometry1_helical_small_option3.namelist",
      "parsed": {
        "adjoint_solve_times_s": [
          0.0012970000002496818,
          0.0013800000001538137
        ],
        "er_values": [
          0.0,
          -2.01579684708909,
          0.0,
          0.0,
          0.0,
          0.0,
          0.0,
          0.0
        ],
        "internal_ambipolar_time_s": 0.1665000000002692,
        "jacobian_nnz": [
          19566,
          26750
        ],
        "ksp_convergence_reasons": [],
        "main_solve_times_s": [
          0.0735130000002755,
          0.08583099999987098
        ],
        "matrix_sizes": [],
        "max_ksp_iteration_index": 2,
        "max_rss_bytes": 141819904,
        "mumps_jobs": {
          "analysis": 0,
          "destroy": 0,
          "factor": 0,
          "solve": 0
        },
        "petsc_profile_markers": {
          "ksp_view": true,
          "log_view": true,
          "pc_view": true
        },
        "preconditioner_nnz": [
          19566,
          26750
        ],
        "radial_currents": [
          1.078787197904619e-06,
          -1.0650279455435228e-09,
          0.0,
          0.0,
          0.0,
          0.0,
          0.0,
          0.0
        ],
        "solver_packages": [
          "mumps"
        ],
        "success_markers": {
          "brent_successful": false,
          "goodbye": true,
          "mpi_finalize_error": true,
          "newton_successful": true
        },
        "wall_time_s": 75.23
      },
      "return_code": 143,
      "scratch_dir": "/tmp/sfincs_v3_ambipolar_reference_20260623_small_profile/geometry1_helical_small_option3",
      "timed_out": false
    },
    {
      "case": "geometry4_w7x_like_small_option1",
      "elapsed_wall_s": 75.17704274994321,
      "log_path": "/tmp/sfincs_v3_ambipolar_reference_20260623_small_profile/geometry4_w7x_like_small_option1/fortran_stdout.log",
      "namelist": "benchmarks/fortran_v3_ambipolar_reference/namelists/geometry4_w7x_like_small_option1.namelist",
      "parsed": {
        "adjoint_solve_times_s": [
          0.0019050000000788714,
          0.0019980000001851295,
          0.002051000000392378
        ],
        "er_values": [
          -20.0,
          20.0,
          0.0,
          0.0,
          0.0,
          0.0
        ],
        "internal_ambipolar_time_s": 0.09424300000000585,
        "jacobian_nnz": [
          26750,
          26750,
          19566
        ],
        "ksp_convergence_reasons": [],
        "main_solve_times_s": [
          0.027696999999989202,
          0.027559000000110245,
          0.02698899999995774
        ],
        "matrix_sizes": [],
        "max_ksp_iteration_index": 14,
        "max_rss_bytes": 126025728,
        "mumps_jobs": {
          "analysis": 0,
          "destroy": 0,
          "factor": 0,
          "solve": 0
        },
        "petsc_profile_markers": {
          "ksp_view": true,
          "log_view": true,
          "pc_view": true
        },
        "preconditioner_nnz": [
          19356,
          19356,
          15436
        ],
        "radial_currents": [
          -1.0938436574558732e-06,
          1.4274577144396906e-06,
          2.513476802851773e-08,
          0.0,
          0.0,
          0.0
        ],