{
  "comparisons": {
    "cpu_gpu": {
      "candidate_label": "gpu",
      "comparison": "cpu_vs_gpu_promotion",
      "failures": [],
      "metrics": {
        "bootstrap_objective": {
          "abs_diff": 1.240327285323417e-16,
          "atol": 0.0,
          "candidate": 0.0020613657277370944,
          "limit": 2.0613657277372186e-09,
          "reference": 0.0020613657277372185,
          "rel_diff": 6.017017109743726e-14,
          "rtol": 1e-06,
          "status": "pass"
        },
        "flux_objective_total": {
          "abs_diff": 1.6067518917541568e-26,
          "atol": 0.0,
          "candidate": 3.571512229400716e-14,
          "limit": 3.571512229399109e-20,
          "reference": 3.571512229399109e-14,
          "rel_diff": 4.498799915979808e-13,
          "rtol": 1e-06,
          "status": "pass"
        },
        "gate_status": {
          "candidate": "pass",
          "reference": "pass",
          "required": "pass",
          "status": "pass"
        },
        "selected_root_er": {
          "abs_diff": 5.329070518200751e-13,
          "atol": 1e-10,
          "candidate": -33.71454409617864,
          "limit": 3.371554409617917e-06,
          "reference": -33.714544096179175,
          "rel_diff": 1.580644395783091e-14,
          "rtol": 1e-07,
          "status": "pass"
        }
      },
      "reference_label": "cpu",
      "status": "pass",
      "tolerances": {
        "bootstrap_objective_rtol": 1e-06,
        "flux_objective_total_rtol": 1e-06,
        "selected_root_er_atol": 1e-10,
        "selected_root_er_rtol": 1e-07
      }
    },
    "dkx_fortran_v3": {
      "candidate_label": "fortran_v3",
      "comparison": "dkx_vs_fortran_v3_promotion",
      "failures": [],
      "metrics": {
        "bootstrap_objective": {
          "abs_diff": 1.5435179176459535e-13,
          "atol": 0.0,
          "candidate": 0.0020613657278915703,
          "limit": 2.0613657277372186e-09,
          "reference": 0.0020613657277372185,
          "rel_diff": 7.487841176734264e-11,
          "rtol": 1e-06,
          "status": "pass"
        },
        "flux_objective_total": {
          "abs_diff": 4.2470377870926745e-25,
          "atol": 0.0,
          "candidate": 3.5715122294415795e-14,
          "limit": 3.571512229399109e-20,
          "reference": 3.571512229399109e-14,
          "rel_diff": 1.1891427256311592e-11,
          "rtol": 1e-06,
          "status": "pass"
        },
        "gate_status": {
          "candidate": "pass",
          "reference": "pass",
          "required": "pass",
          "status": "pass"
        },
        "selected_root_er": {
          "abs_diff": 2.9053381922494737e-10,
          "atol": 1e-10,
          "candidate": -33.71454409588864,
          "limit": 3.371554409617917e-06,
          "reference": -33.714544096179175,
          "rel_diff": 8.617462493223309e-12,
          "rtol": 1e-07,
          "status": "pass"
        }
      },
      "reference_label": "dkx",
      "status": "pass",
      "tolerances": {
        "bootstrap_objective_rtol": 1e-06,
        "flux_objective_total_rtol": 1e-06,
        "selected_root_er_atol": 1e-10,
        "selected_root_er_rtol": 1e-07
      }
    }
  },
  "failures": [],
  "inputs": {
    "cpu": "/private/tmp/dkx_w7x_real_promotion_probe/cpu_wide/cpu_promotion/candidate_promotion.json",
    "fortran": "/private/tmp/dkx_w7x_real_promotion_probe/fortran_wide/fortran_v3_promotion/candidate_promotion.json",
    "gpu": "/private/tmp/dkx_w7x_real_promotion_probe/gpu_wide/gpu_promotion/candidate_promotion.json"
  },
  "status": "pass",
  "tolerances": {
    "bootstrap_objective_rtol": 1e-06,
    "flux_objective_total_rtol": 1e-06,
    "selected_root_er_atol": 1e-10,
    "selected_root_er_rtol": 1e-07
  },
  "workflow": "dkx_optimization_promotion_comparison"
}
