{
  "bootstrap_objective": 0.002907590638264088,
  "claim_boundary": "This audit evaluates completed sfincs_jax kinetic outputs. It promotes a proxy optimization candidate only if the scan is bracketed, residual-gated, and the requested observables are present.",
  "electron_root_penalty": 0.0,
  "failures": [],
  "flux_objective": {
    "impurity_penalty": 0.0,
    "main_heat": 2.5569945005196193e-15,
    "main_particle": 9.309144715805124e-16,
    "mean_impurity_flux": 3.051089103222835e-08,
    "total": 3.4879089721001316e-15
  },
  "gate_status": "pass",
  "runs": [
    {
      "bootstrap_current": -0.02038325607767797,
      "er": -1.0,
      "heat_flux": [
        1.5132509509944708e-08,
        7.954178325321639e-08
      ],
      "particle_flux": [
        1.1393166591375171e-08,
        3.081586429981301e-08
      ],
      "path": "/tmp/sfincs_jax_finite_beta_electron_root_promotion_final/gpu_campaign/gpu_scan/Er-1/sfincsOutput.h5",
      "radial_current": -1.9422697708437837e-08,
      "residual_gate": {
        "cpu_gpu_relative_difference": null,
        "failures": [],
        "max_cpu_gpu_relative_difference": 1e-07,
        "residual_norm": 2.0420190795080133e-18,
        "residual_target": 2.0091092731676788e-13,
        "status": "pass"
      },
      "residual_norm": 2.0420190795080133e-18,
      "residual_target": 2.0091092731676788e-13
    },
    {
      "bootstrap_current": -0.020380948131029024,
      "er": 0.0,
      "heat_flux": [
        4.01932514157361e-08,
        7.915387228063804e-08
      ],
      "particle_flux": [
        2.491303252778906e-08,
        3.060035392353907e-08
      ],
      "path": "/tmp/sfincs_jax_finite_beta_electron_root_promotion_final/gpu_campaign/gpu_scan/Er0/sfincsOutput.h5",
      "radial_current": -5.687321395750005e-09,
      "residual_gate": {
        "cpu_gpu_relative_difference": null,
        "failures": [],
        "max_cpu_gpu_relative_difference": 1e-07,
        "residual_norm": 7.81829954338058e-19,
        "residual_target": 2.018413512855882e-17,
        "status": "pass"
      },
      "residual_norm": 7.81829954338058e-19,
      "residual_target": 2.018413512855882e-17
    },
    {
      "bootstrap_current": -0.020380269334860406,
      "er": 0.25,
      "heat_flux": [
        4.64652595552905e-08,
        7.905660248699219e-08
      ],
      "particle_flux": [
        2.829715778544882e-08,
        3.054628189117645e-08
      ],
      "path": "/tmp/sfincs_jax_finite_beta_electron_root_promotion_final/gpu_campaign/gpu_scan/Er0.25/sfincsOutput.h5",
      "radial_current": -2.2491241057276275e-09,
      "residual_gate": {
        "cpu_gpu_relative_difference": null,
        "failures": [],
        "max_cpu_gpu_relative_difference": 1e-07,
        "residual_norm": 5.406451816317877e-19,
        "residual_target": 5.0227735549528214e-14,
        "status": "pass"
      },
      "residual_norm": 5.406451816317877e-19,
      "residual_target": 5.0227735549528214e-14
    },
    {
      "bootstrap_current": -0.020379581152453887,
      "er": 0.5,
      "heat_flux": [
        5.273243753738924e-08,
        7.895931036208087e-08
      ],
      "particle_flux": [
        3.167981037936446e-08,
        3.049220356850778e-08
      ],
      "path": "/tmp/sfincs_jax_finite_beta_electron_root_promotion_final/gpu_campaign/gpu_scan/Er0.5/sfincsOutput.h5",
      "radial_current": 1.1876068108566769e-09,
      "residual_gate": {
        "cpu_gpu_relative_difference": null,
        "failures": [],
        "max_cpu_gpu_relative_difference": 1e-07,
        "residual_norm": 2.948137952580736e-19,
        "residual_target": 1.0045546508114633e-13,
        "status": "pass"
      },
      "residual_norm": 2.948137952580736e-19,
      "residual_target": 1.0045546508114633e-13
    },
    {
      "bootstrap_current": -0.020378899254660576,
      "er": 0.75,
      "heat_flux": [
        5.899101241422973e-08,
        7.88620431537931e-08
      ],
      "particle_flux": [
        3.5059425009248405e-08,
        3.043815469570847e-08
      ],
      "path": "/tmp/sfincs_jax_finite_beta_electron_root_promotion_final/gpu_campaign/gpu_scan/Er0.75/sfincsOutput.h5",
      "radial_current": 4.621270313539938e-09,
      "residual_gate": {
        "cpu_gpu_relative_difference": null,
        "failures": [],
        "max_cpu_gpu_relative_difference": 1e-07,
        "residual_norm": 1.103209772110267e-18,
        "residual_target": 1.5068319596460488e-13,
        "status": "pass"
      },
      "residual_norm": 1.103209772110267e-18,
      "residual_target": 1.5068319596460488e-13
    },
    {
      "bootstrap_current": -0.02037823929444112,
      "er": 1.0,
      "heat_flux": [
        6.523723238419728e-08,
        7.8764848067007e-08
      ],
      "particle_flux": [
        3.843444591974312e-08,
        3.0384170984851736e-08
      ],
      "path": "/tmp/sfincs_jax_finite_beta_electron_root_promotion_final/gpu_campaign/gpu_scan/Er1/sfincsOutput.h5",
      "radial_current": 8.050274934891384e-09,
      "residual_gate": {
        "cpu_gpu_relative_difference": null,
        "failures": [],
        "max_cpu_gpu_relative_difference": 1e-07,
        "residual_norm": 1.1285425246270723e-18,
        "residual_target": 2.0091092718602356e-13,
        "status": "pass"
      },
      "residual_norm": 1.1285425246270723e-18,
      "residual_target": 2.0091092718602356e-13
    },
    {
      "bootstrap_current": -0.020383218232952867,
      "er": 5.0,
      "heat_flux": [
        1.606707086117584e-07,
        7.725754344623548e-08
      ],
      "particle_flux": [
        9.064756812369001e-08,
        2.9558121158641685e-08
      ],
      "path": "/tmp/sfincs_jax_finite_beta_electron_root_promotion_final/gpu_campaign/gpu_scan/Er5/sfincsOutput.h5",
      "radial_current": 6.108944696504833e-08,
      "residual_gate": {
        "cpu_gpu_relative_difference": null,
        "failures": [],
        "max_cpu_gpu_relative_difference": 1e-07,
        "residual_norm": 7.222992485921678e-18,
        "residual_target": 1.0045546313249805e-12,
        "status": "pass"
      },
      "residual_norm": 7.222992485921678e-18,
      "residual_target": 1.0045546313249805e-12
    }
  ],
  "scan_dir": "/tmp/sfincs_jax_finite_beta_electron_root_promotion_final/gpu_campaign/gpu_scan",
  "selected_root": {
    "bracket": [
      0.25,
      0.5
    ],
    "er": 0.41360926708534584,
    "root_type": "electron",
    "slope": 1.3746923666337218e-08
  },
  "workflow": "sfincs_jax_optimization_high_fidelity_promotion"
}
