{
  "bootstrap_objective": 0.002907590638264122,
  "claim_boundary": "This audit evaluates completed sfincs_jax kinetic outputs. It promotes a proxy optimization candidate only if the scan is bracketed, residual-gated, and the requested observables are present.",
  "electron_root_penalty": 0.0,
  "failures": [],
  "flux_objective": {
    "impurity_penalty": 0.0,
    "main_heat": 2.5569945005192264e-15,
    "main_particle": 9.30914471580436e-16,
    "mean_impurity_flux": 3.05108910322271e-08,
    "total": 3.4879089720996627e-15
  },
  "gate_status": "pass",
  "runs": [
    {
      "bootstrap_current": -0.020383256077678245,
      "er": -1.0,
      "heat_flux": [
        1.5132509509958816e-08,
        7.954178325321552e-08
      ],
      "particle_flux": [
        1.1393166591382707e-08,
        3.081586429981241e-08
      ],
      "path": "/private/tmp/sfincs_jax_finite_beta_electron_root_promotion_final/cpu_fortran_campaign/cpu_scan/Er-1/sfincsOutput.h5",
      "radial_current": -1.9422697708429704e-08,
      "residual_gate": {
        "cpu_gpu_relative_difference": null,
        "failures": [],
        "max_cpu_gpu_relative_difference": 1e-07,
        "residual_norm": 3.661194175926616e-18,
        "residual_target": 2.009109273167679e-13,
        "status": "pass"
      },
      "residual_norm": 3.661194175926616e-18,
      "residual_target": 2.009109273167679e-13
    },
    {
      "bootstrap_current": -0.020380948131028535,
      "er": 0.0,
      "heat_flux": [
        4.019325141573858e-08,
        7.915387228063536e-08
      ],
      "particle_flux": [
        2.491303252779243e-08,
        3.060035392353822e-08
      ],
      "path": "/private/tmp/sfincs_jax_finite_beta_electron_root_promotion_final/cpu_fortran_campaign/cpu_scan/Er0/sfincsOutput.h5",
      "radial_current": -5.68732139574579e-09,
      "residual_gate": {
        "cpu_gpu_relative_difference": null,
        "failures": [],
        "max_cpu_gpu_relative_difference": 1e-07,
        "residual_norm": 1.8584642299512864e-18,
        "residual_target": 2.0184135128558816e-17,
        "status": "pass"
      },
      "residual_norm": 1.8584642299512864e-18,
      "residual_target": 2.0184135128558816e-17
    },
    {
      "bootstrap_current": -0.020380269334860843,
      "er": 0.25,
      "heat_flux": [
        4.646525955529031e-08,
        7.905660248699193e-08
      ],
      "particle_flux": [
        2.829715778545194e-08,
        3.054628189117466e-08
      ],
      "path": "/private/tmp/sfincs_jax_finite_beta_electron_root_promotion_final/cpu_fortran_campaign/cpu_scan/Er0.25/sfincsOutput.h5",
      "radial_current": -2.2491241057227207e-09,
      "residual_gate": {
        "cpu_gpu_relative_difference": null,
        "failures": [],
        "max_cpu_gpu_relative_difference": 1e-07,
        "residual_norm": 9.468880815909197e-19,
        "residual_target": 5.0227735549528226e-14,
        "status": "pass"
      },
      "residual_norm": 9.468880815909197e-19,
      "residual_target": 5.0227735549528226e-14
    },
    {
      "bootstrap_current": -0.020379581152454175,
      "er": 0.5,
      "heat_flux": [
        5.273243753739499e-08,
        7.895931036208066e-08
      ],
      "particle_flux": [
        3.167981037936715e-08,
        3.049220356850672e-08
      ],
      "path": "/private/tmp/sfincs_jax_finite_beta_electron_root_promotion_final/cpu_fortran_campaign/cpu_scan/Er0.5/sfincsOutput.h5",
      "radial_current": 1.1876068108604356e-09,
      "residual_gate": {
        "cpu_gpu_relative_difference": null,
        "failures": [],
        "max_cpu_gpu_relative_difference": 1e-07,
        "residual_norm": 7.013656156480457e-19,
        "residual_target": 1.0045546508114635e-13,
        "status": "pass"
      },
      "residual_norm": 7.013656156480457e-19,
      "residual_target": 1.0045546508114635e-13
    },
    {
      "bootstrap_current": -0.02037889925466061,
      "er": 0.75,
      "heat_flux": [
        5.899101241422515e-08,
        7.886204315379243e-08
      ],
      "particle_flux": [
        3.505942500924454e-08,
        3.0438154695709784e-08
      ],
      "path": "/private/tmp/sfincs_jax_finite_beta_electron_root_promotion_final/cpu_fortran_campaign/cpu_scan/Er0.75/sfincsOutput.h5",
      "radial_current": 4.621270313534757e-09,
      "residual_gate": {
        "cpu_gpu_relative_difference": null,
        "failures": [],
        "max_cpu_gpu_relative_difference": 1e-07,
        "residual_norm": 1.1522051322826336e-18,
        "residual_target": 1.506831959646049e-13,
        "status": "pass"
      },
      "residual_norm": 1.1522051322826336e-18,
      "residual_target": 1.506831959646049e-13
    },
    {
      "bootstrap_current": -0.020378239294441616,
      "er": 1.0,
      "heat_flux": [
        6.523723238419445e-08,
        7.876484806700452e-08
      ],
      "particle_flux": [
        3.843444591973798e-08,
        3.038417098484948e-08
      ],
      "path": "/private/tmp/sfincs_jax_finite_beta_electron_root_promotion_final/cpu_fortran_campaign/cpu_scan/Er1/sfincsOutput.h5",
      "radial_current": 8.050274934888499e-09,
      "residual_gate": {
        "cpu_gpu_relative_difference": null,
        "failures": [],
        "max_cpu_gpu_relative_difference": 1e-07,
        "residual_norm": 2.0180700382320252e-18,
        "residual_target": 2.009109271860236e-13,
        "status": "pass"
      },
      "residual_norm": 2.0180700382320252e-18,
      "residual_target": 2.009109271860236e-13
    },
    {
      "bootstrap_current": -0.02038321823295265,
      "er": 5.0,
      "heat_flux": [
        1.6067070861172386e-07,
        7.725754344623621e-08
      ],
      "particle_flux": [
        9.064756812366582e-08,
        2.9558121158642476e-08
      ],
      "path": "/private/tmp/sfincs_jax_finite_beta_electron_root_promotion_final/cpu_fortran_campaign/cpu_scan/Er5/sfincsOutput.h5",
      "radial_current": 6.108944696502334e-08,
      "residual_gate": {
        "cpu_gpu_relative_difference": null,
        "failures": [],
        "max_cpu_gpu_relative_difference": 1e-07,
        "residual_norm": 1.3679677931190863e-17,
        "residual_target": 1.0045546313249807e-12,
        "status": "pass"
      },
      "residual_norm": 1.3679677931190863e-17,
      "residual_target": 1.0045546313249807e-12
    }
  ],
  "scan_dir": "/private/tmp/sfincs_jax_finite_beta_electron_root_promotion_final/cpu_fortran_campaign/cpu_scan",
  "selected_root": {
    "bracket": [
      0.25,
      0.5
    ],
    "er": 0.41360926708504353,
    "root_type": "electron",
    "slope": 1.3746923666332625e-08
  },
  "workflow": "sfincs_jax_optimization_high_fidelity_promotion"
}
