{
  "bootstrap_objective": 3.859986639583951e-09,
  "claim_boundary": "This audit evaluates completed sfincs_jax kinetic outputs. It promotes a proxy optimization candidate only if the scan is bracketed, residual-gated, and the requested observables are present.",
  "electron_root_penalty": 0.0,
  "failures": [],
  "flux_objective": null,
  "gate_status": "pass",
  "runs": [
    {
      "bootstrap_current": 2.46249645463944e-05,
      "er": -0.3,
      "heat_flux": [
        -3.6630545400156876e-08,
        -6.857718107950709e-10
      ],
      "particle_flux": [
        -1.7747498910260618e-08,
        -3.5246523516536643e-10
      ],
      "path": "/tmp/sfincs_jax_qi_res11_gpu_current_20260529/outputs/qi_nfp2_electron_root_kinetic/twospecies_11x11x13x4/gpu_campaign_dense8000_default/gpu_scan/Er-0.3/sfincsOutput.h5",
      "radial_current": -1.7395033675095253e-08,
      "residual_gate": {
        "cpu_gpu_relative_difference": null,
        "failures": [],
        "max_cpu_gpu_relative_difference": 1e-07,
        "residual_norm": 6.596321662293846e-18,
        "residual_target": 1.8072380571324165e-11,
        "status": "pass"
      },
      "residual_norm": 6.596321662293846e-18,
      "residual_target": 1.8072380571324165e-11
    },
    {
      "bootstrap_current": 2.4644313796530813e-05,
      "er": -0.1,
      "heat_flux": [
        -3.5814437851315456e-08,
        -7.224788663163535e-10
      ],
      "particle_flux": [
        -1.7132008260871937e-08,
        -3.747032846595329e-10
      ],
      "path": "/tmp/sfincs_jax_qi_res11_gpu_current_20260529/outputs/qi_nfp2_electron_root_kinetic/twospecies_11x11x13x4/gpu_campaign_dense8000_default/gpu_scan/Er-0.1/sfincsOutput.h5",
      "radial_current": -1.6757304976212404e-08,
      "residual_gate": {
        "cpu_gpu_relative_difference": null,
        "failures": [],
        "max_cpu_gpu_relative_difference": 1e-07,
        "residual_norm": 6.206169059807027e-18,
        "residual_target": 1.5883065668752063e-11,
        "status": "pass"
      },
      "residual_norm": 6.206169059807027e-18,
      "residual_target": 1.5883065668752063e-11
    },
    {
      "bootstrap_current": 2.4485656454190875e-05,
      "er": 0.0,
      "heat_flux": [
        -3.498296046517909e-08,
        -7.40852501090365e-10
      ],
      "particle_flux": [
        -1.6619098011072537e-08,
        -3.859191701965644e-10
      ],
      "path": "/tmp/sfincs_jax_qi_res11_gpu_current_20260529/outputs/qi_nfp2_electron_root_kinetic/twospecies_11x11x13x4/gpu_campaign_dense8000_default/gpu_scan/Er0/sfincsOutput.h5",
      "radial_current": -1.623317884087597e-08,
      "residual_gate": {
        "cpu_gpu_relative_difference": null,
        "failures": [],
        "max_cpu_gpu_relative_difference": 1e-07,
        "residual_norm": 8.574875384608797e-18,
        "residual_target": 1.487595707617283e-11,
        "status": "pass"
      },
      "residual_norm": 8.574875384608797e-18,
      "residual_target": 1.487595707617283e-11
    },
    {
      "bootstrap_current": 2.4222156019163283e-05,
      "er": 0.1,
      "heat_flux": [
        -3.388230548893513e-08,
        -7.592372353907213e-10
      ],
      "particle_flux": [
        -1.5976477893664076e-08,
        -3.9719784624415424e-10
      ],
      "path": "/tmp/sfincs_jax_qi_res11_gpu_current_20260529/outputs/qi_nfp2_electron_root_kinetic/twospecies_11x11x13x4/gpu_campaign_dense8000_default/gpu_scan/Er0.1/sfincsOutput.h5",
      "radial_current": -1.5579280047419922e-08,
      "residual_gate": {
        "cpu_gpu_relative_difference": null,
        "failures": [],
        "max_cpu_gpu_relative_difference": 1e-07,
        "residual_norm": 5.581700302123004e-19,
        "residual_target": 1.3944330756553871e-11,
        "status": "pass"
      },
      "residual_norm": 5.581700302123004e-19,
      "residual_target": 1.3944330756553871e-11
    },
    {
      "bootstrap_current": 2.34250586910528e-05,
      "er": 0.3,
      "heat_flux": [
        -3.1004142107035844e-08,
        -7.960280176534433e-10
      ],
      "particle_flux": [
        -1.4366843595077405e-08,
        -4.1990976461099494e-10
      ],
      "path": "/tmp/sfincs_jax_qi_res11_gpu_current_20260529/outputs/qi_nfp2_electron_root_kinetic/twospecies_11x11x13x4/gpu_campaign_dense8000_default/gpu_scan/Er0.3/sfincsOutput.h5",
      "radial_current": -1.394693383046641e-08,
      "residual_gate": {
        "cpu_gpu_relative_difference": null,
        "failures": [],
        "max_cpu_gpu_relative_difference": 1e-07,
        "residual_norm": 2.412661736577228e-18,
        "residual_target": 1.2374517976294135e-11,
        "status": "pass"
      },
      "residual_norm": 2.412661736577228e-18,
      "residual_target": 1.2374517976294135e-11
    },
    {
      "bootstrap_current": 1.9571824075041092e-05,
      "er": 1.0,
      "heat_flux": [
        -1.8644810077219108e-08,
        -9.24701825142497e-10
      ],
      "particle_flux": [
        -7.685162816765043e-09,
        -4.998645392707897e-10
      ],
      "path": "/tmp/sfincs_jax_qi_res11_gpu_current_20260529/outputs/qi_nfp2_electron_root_kinetic/twospecies_11x11x13x4/gpu_campaign_dense8000_default/gpu_scan/Er1/sfincsOutput.h5",
      "radial_current": -7.185298277494254e-09,
      "residual_gate": {
        "cpu_gpu_relative_difference": null,
        "failures": [],
        "max_cpu_gpu_relative_difference": 1e-07,
        "residual_norm": 6.026050309701001e-18,
        "residual_target": 1.1770891897947327e-11,
        "status": "pass"
      },
      "residual_norm": 6.026050309701001e-18,
      "residual_target": 1.1770891897947327e-11
    },
    {
      "bootstrap_current": 1.6455784992437962e-05,
      "er": 2.0,
      "heat_flux": [
        -7.172706453822564e-09,
        -1.1073685419339594e-09
      ],
      "particle_flux": [
        -1.3386663960547319e-09,
        -6.124483253002227e-10
      ],
      "path": "/tmp/sfincs_jax_qi_res11_gpu_current_20260529/outputs/qi_nfp2_electron_root_kinetic/twospecies_11x11x13x4/gpu_campaign_dense8000_default/gpu_scan/Er2/sfincsOutput.h5",
      "radial_current": -7.262180707545092e-10,
      "residual_gate": {
        "cpu_gpu_relative_difference": null,
        "failures": [],
        "max_cpu_gpu_relative_difference": 1e-07,
        "residual_norm": 9.068839097239042e-19,
        "residual_target": 2.1647342455678033e-11,
        "status": "pass"
      },
      "residual_norm": 9.068839097239042e-19,
      "residual_target": 2.1647342455678033e-11
    },
    {
      "bootstrap_current": 1.6044089626419145e-05,
      "er": 3.0,
      "heat_flux": [
        -2.005971495961084e-09,
        -1.2883280693571602e-09
      ],
      "particle_flux": [
        1.8163635656965615e-09,
        -7.227069071187081e-10
      ],
      "path": "/tmp/sfincs_jax_qi_res11_gpu_current_20260529/outputs/qi_nfp2_electron_root_kinetic/twospecies_11x11x13x4/gpu_campaign_dense8000_default/gpu_scan/Er3/sfincsOutput.h5",
      "radial_current": 2.5390704728152697e-09,
      "residual_gate": {
        "cpu_gpu_relative_difference": null,
        "failures": [],
        "max_cpu_gpu_relative_difference": 1e-07,
        "residual_norm": 7.403034987803203e-19,
        "residual_target": 3.480595806601008e-11,
        "status": "pass"
      },
      "residual_norm": 7.403034987803203e-19,
      "residual_target": 3.480595806601008e-11
    }
  ],
  "scan_dir": "/tmp/sfincs_jax_qi_res11_gpu_current_20260529/outputs/qi_nfp2_electron_root_kinetic/twospecies_11x11x13x4/gpu_campaign_dense8000_default/gpu_scan",
  "selected_root": {
    "bracket": [
      2.0,
      3.0
    ],
    "er": 2.2224054814955405,
    "root_type": "electron",
    "slope": 3.265288543569779e-09
  },
  "workflow": "sfincs_jax_optimization_high_fidelity_promotion"
}
