{
  "bootstrap_objective": 1.5227139154494885e-08,
  "claim_boundary": "This audit evaluates completed sfincs_jax kinetic outputs. It promotes a proxy optimization candidate only if the scan is bracketed, residual-gated, and the requested observables are present.",
  "electron_root_penalty": 0.0,
  "failures": [],
  "flux_objective": null,
  "gate_status": "pass",
  "runs": [
    {
      "bootstrap_current": 4.7252567668464855e-05,
      "er": -0.3,
      "heat_flux": [
        -3.830432453610345e-08,
        -7.069039753294657e-10
      ],
      "particle_flux": [
        -1.8641093139868345e-08,
        -3.6272449857365964e-10
      ],
      "path": "/Users/rogeriojorge/local/tests/sfincs_jax/outputs/qi_nfp2_electron_root_kinetic/twospecies_9x9x11x4/cpu_campaign/cpu_scan/Er-0.3/sfincsOutput.h5",
      "radial_current": -1.8278368641294684e-08,
      "residual_gate": {
        "cpu_gpu_relative_difference": null,
        "failures": [],
        "max_cpu_gpu_relative_difference": 1e-07,
        "residual_norm": 4.644456254147758e-18,
        "residual_target": 1.489177950423098e-11,
        "status": "pass"
      },
      "residual_norm": 4.644456254147758e-18,
      "residual_target": 1.489177950423098e-11
    },
    {
      "bootstrap_current": 4.708789935671539e-05,
      "er": -0.1,
      "heat_flux": [
        -3.732093715227647e-08,
        -7.448514914983238e-10
      ],
      "particle_flux": [
        -1.7933707834812164e-08,
        -3.8572230123223684e-10
      ],
      "path": "/Users/rogeriojorge/local/tests/sfincs_jax/outputs/qi_nfp2_electron_root_kinetic/twospecies_9x9x11x4/cpu_campaign/cpu_scan/Er-0.1/sfincsOutput.h5",
      "radial_current": -1.7547985533579926e-08,
      "residual_gate": {
        "cpu_gpu_relative_difference": null,
        "failures": [],
        "max_cpu_gpu_relative_difference": 1e-07,
        "residual_norm": 5.264230336659501e-18,
        "residual_target": 1.3087767317471133e-11,
        "status": "pass"
      },
      "residual_norm": 5.264230336659501e-18,
      "residual_target": 1.3087767317471133e-11
    },
    {
      "bootstrap_current": 4.684278648609231e-05,
      "er": 0.0,
      "heat_flux": [
        -3.643323103178323e-08,
        -7.638467903062513e-10
      ],
      "particle_flux": [
        -1.7385554791975284e-08,
        -3.973109333565544e-10
      ],
      "path": "/Users/rogeriojorge/local/tests/sfincs_jax/outputs/qi_nfp2_electron_root_kinetic/twospecies_9x9x11x4/cpu_campaign/cpu_scan/Er0/sfincsOutput.h5",
      "radial_current": -1.698824385861873e-08,
      "residual_gate": {
        "cpu_gpu_relative_difference": null,
        "failures": [],
        "max_cpu_gpu_relative_difference": 1e-07,
        "residual_norm": 9.112210854967983e-18,
        "residual_target": 1.2257902151766093e-11,
        "status": "pass"
      },
      "residual_norm": 9.112210854967983e-18,
      "residual_target": 1.2257902151766093e-11
    },
    {
      "bootstrap_current": 4.649755298117158e-05,
      "er": 0.1,
      "heat_flux": [
        -3.5295419296041056e-08,
        -7.828533987565177e-10
      ],
      "particle_flux": [
        -1.671530745393015e-08,
        -4.0895600433281756e-10
      ],
      "path": "/Users/rogeriojorge/local/tests/sfincs_jax/outputs/qi_nfp2_electron_root_kinetic/twospecies_9x9x11x4/cpu_campaign/cpu_scan/Er0.1/sfincsOutput.h5",
      "radial_current": -1.6306351449597333e-08,
      "residual_gate": {
        "cpu_gpu_relative_difference": null,
        "failures": [],
        "max_cpu_gpu_relative_difference": 1e-07,
        "residual_norm": 6.1644958580255816e-18,
        "residual_target": 1.1490234954998604e-11,
        "status": "pass"
      },
      "residual_norm": 6.1644958580255816e-18,
      "residual_target": 1.1490234954998604e-11
    },
    {
      "bootstrap_current": 4.555002797863904e-05,
      "er": 0.3,
      "heat_flux": [
        -3.238901226375559e-08,
        -8.208894166019359e-10
      ],
      "particle_flux": [
        -1.506898337029145e-08,
        -4.3238776473928277e-10
      ],
      "path": "/Users/rogeriojorge/local/tests/sfincs_jax/outputs/qi_nfp2_electron_root_kinetic/twospecies_9x9x11x4/cpu_campaign/cpu_scan/Er0.3/sfincsOutput.h5",
      "radial_current": -1.4636595605552168e-08,
      "residual_gate": {
        "cpu_gpu_relative_difference": null,
        "failures": [],
        "max_cpu_gpu_relative_difference": 1e-07,
        "residual_norm": 1.4309139726258353e-17,
        "residual_target": 1.0196697244551918e-11,
        "status": "pass"
      },
      "residual_norm": 1.4309139726258353e-17,
      "residual_target": 1.0196697244551918e-11
    },
    {
      "bootstrap_current": 4.104739043283113e-05,
      "er": 1.0,
      "heat_flux": [
        -1.9988464156479456e-08,
        -9.539414047397306e-10
      ],
      "particle_flux": [
        -8.282639033494018e-09,
        -5.148751255372841e-10
      ],
      "path": "/Users/rogeriojorge/local/tests/sfincs_jax/outputs/qi_nfp2_electron_root_kinetic/twospecies_9x9x11x4/cpu_campaign/cpu_scan/Er1/sfincsOutput.h5",
      "radial_current": -7.767763907956734e-09,
      "residual_gate": {
        "cpu_gpu_relative_difference": null,
        "failures": [],
        "max_cpu_gpu_relative_difference": 1e-07,
        "residual_norm": 6.857486348532919e-19,
        "residual_target": 9.699304749619213e-12,
        "status": "pass"
      },
      "residual_norm": 6.857486348532919e-19,
      "residual_target": 9.699304749619213e-12
    },
    {
      "bootstrap_current": 3.672911339470734e-05,
      "er": 2.0,
      "heat_flux": [
        -8.011490502236083e-09,
        -1.1428346033074563e-09
      ],
      "particle_flux": [
        -1.6317143168392895e-09,
        -6.311591398738103e-10
      ],
      "path": "/Users/rogeriojorge/local/tests/sfincs_jax/outputs/qi_nfp2_electron_root_kinetic/twospecies_9x9x11x4/cpu_campaign/cpu_scan/Er2/sfincsOutput.h5",
      "radial_current": -1.0005551769654792e-09,
      "residual_gate": {
        "cpu_gpu_relative_difference": null,
        "failures": [],
        "max_cpu_gpu_relative_difference": 1e-07,
        "residual_norm": 1.6980175943468736e-18,
        "residual_target": 1.7837575378090618e-11,
        "status": "pass"
      },
      "residual_norm": 1.6980175943468736e-18,
      "residual_target": 1.7837575378090618e-11
    },
    {
      "bootstrap_current": 3.622255619671313e-05,
      "er": 3.0,
      "heat_flux": [
        -2.3206182954354446e-09,
        -1.330003864305356e-09
      ],
      "particle_flux": [
        1.7844684328609919e-09,
        -7.451441008957785e-10
      ],
      "path": "/Users/rogeriojorge/local/tests/sfincs_jax/outputs/qi_nfp2_electron_root_kinetic/twospecies_9x9x11x4/cpu_campaign/cpu_scan/Er3/sfincsOutput.h5",
      "radial_current": 2.5296125337567704e-09,
      "residual_gate": {
        "cpu_gpu_relative_difference": null,
        "failures": [],
        "max_cpu_gpu_relative_difference": 1e-07,
        "residual_norm": 1.916254981327628e-18,
        "residual_target": 2.8680375056674352e-11,
        "status": "pass"
      },
      "residual_norm": 1.916254981327628e-18,
      "residual_target": 2.8680375056674352e-11
    }
  ],
  "scan_dir": "/Users/rogeriojorge/local/tests/sfincs_jax/outputs/qi_nfp2_electron_root_kinetic/twospecies_9x9x11x4/cpu_campaign/cpu_scan",
  "selected_root": {
    "bracket": [
      2.0,
      3.0
    ],
    "er": 2.2834299271183274,
    "root_type": "electron",
    "slope": 3.53016771072225e-09
  },
  "workflow": "sfincs_jax_optimization_high_fidelity_promotion"
}
