{
  "comparisons": {
    "cpu_gpu": {
      "candidate_label": "gpu",
      "comparison": "cpu_vs_gpu_promotion",
      "failures": [],
      "metrics": {
        "bootstrap_objective": {
          "abs_diff": 5.4929962552349494e-24,
          "atol": 0.0,
          "candidate": 3.686013320409666e-11,
          "limit": 3.6860133204102154e-14,
          "reference": 3.686013320410215e-11,
          "rel_diff": 1.4902269139449652e-13,
          "rtol": 0.001,
          "status": "pass"
        },
        "flux_objective_total": {
          "abs_diff": 3.0568360077314207e-30,
          "atol": 0.0,
          "candidate": 3.920455241428763e-17,
          "limit": 3.920455241429069e-22,
          "reference": 3.920455241429069e-17,
          "rel_diff": 7.797145534091481e-14,
          "rtol": 1e-05,
          "status": "pass"
        },
        "gate_status": {
          "candidate": "pass",
          "reference": "pass",
          "required": "pass",
          "status": "pass"
        },
        "selected_root_er": {
          "abs_diff": 1.1102230246251565e-13,
          "atol": 1e-10,
          "candidate": 2.4386009865307274,
          "limit": 2.438700986530616e-06,
          "reference": 2.4386009865306164,
          "rel_diff": 4.552704730119315e-14,
          "rtol": 1e-06,
          "status": "pass"
        }
      },
      "reference_label": "cpu",
      "status": "pass",
      "tolerances": {
        "bootstrap_objective_rtol": 0.001,
        "flux_objective_total_rtol": 1e-05,
        "selected_root_er_atol": 1e-10,
        "selected_root_er_rtol": 1e-06
      }
    },
    "sfincs_jax_fortran_v3": {
      "candidate_label": "fortran_v3",
      "comparison": "sfincs_jax_vs_fortran_v3_promotion",
      "failures": [],
      "metrics": {
        "bootstrap_objective": {
          "abs_diff": 1.499239840650268e-14,
          "atol": 0.0,
          "candidate": 3.684514080569565e-11,
          "limit": 3.6860133204102154e-14,
          "reference": 3.686013320410215e-11,
          "rel_diff": 0.0004067374993868492,
          "rtol": 0.001,
          "status": "pass"
        },
        "flux_objective_total": {
          "abs_diff": 1.8038916063214098e-22,
          "atol": 0.0,
          "candidate": 3.9204372025130057e-17,
          "limit": 3.920455241429069e-22,
          "reference": 3.920455241429069e-17,
          "rel_diff": 4.60122994712181e-06,
          "rtol": 1e-05,
          "status": "pass"
        },
        "gate_status": {
          "candidate": "pass",
          "reference": "pass",
          "required": "pass",
          "status": "pass"
        },
        "selected_root_er": {
          "abs_diff": 1.0186356931285445e-06,
          "atol": 1e-10,
          "candidate": 2.4385999678949233,
          "limit": 2.438700986530616e-06,
          "reference": 2.4386009865306164,
          "rel_diff": 4.1771314731474445e-07,
          "rtol": 1e-06,
          "status": "pass"
        }
      },
      "reference_label": "sfincs_jax",
      "status": "pass",
      "tolerances": {
        "bootstrap_objective_rtol": 0.001,
        "flux_objective_total_rtol": 1e-05,
        "selected_root_er_atol": 1e-10,
        "selected_root_er_rtol": 1e-06
      }
    }
  },
  "failures": [],
  "inputs": {
    "cpu": "/Users/rogeriojorge/local/tests/sfincs_jax/outputs/qi_nfp2_electron_root_kinetic/twospecies_7x7x7x4/audit_cpu_matched8/qi_nfp2_electron_root_lowres_cpu_matched8.json",
    "fortran": "/Users/rogeriojorge/local/tests/sfincs_jax/outputs/qi_nfp2_electron_root_kinetic/twospecies_7x7x7x4/fortran_campaign/fortran_v3_promotion/qi_nfp2_electron_root_lowres_fortran.json",
    "gpu": "/Users/rogeriojorge/local/tests/sfincs_jax/outputs/qi_nfp2_electron_root_kinetic/twospecies_7x7x7x4/audit_gpu/qi_nfp2_electron_root_lowres_gpu.json"
  },
  "status": "pass",
  "tolerances": {
    "bootstrap_objective_rtol": 0.001,
    "flux_objective_total_rtol": 1e-05,
    "selected_root_er_atol": 1e-10,
    "selected_root_er_rtol": 1e-06
  },
  "workflow": "sfincs_jax_optimization_promotion_comparison"
}
