{
  "bootstrap_objective": 3.686013320410215e-11,
  "claim_boundary": "This audit evaluates completed sfincs_jax kinetic outputs. It promotes a proxy optimization candidate only if the scan is bracketed, residual-gated, and the requested observables are present.",
  "electron_root_penalty": 0.0,
  "failures": [],
  "flux_objective": {
    "impurity_penalty": 4.722719842242452e-19,
    "main_heat": 3.8260008445842195e-17,
    "main_particle": 4.722719842242458e-19,
    "mean_impurity_flux": -6.87220477157255e-10,
    "total": 3.920455241429069e-17
  },
  "gate_status": "pass",
  "runs": [
    {
      "bootstrap_current": 2.5972362277598785e-06,
      "er": -0.3,
      "heat_flux": [
        -3.92205351270736e-08,
        -7.639223614748155e-10
      ],
      "particle_flux": [
        -1.729258405842964e-08,
        -3.81692683926401e-10
      ],
      "path": "/Users/rogeriojorge/local/tests/sfincs_jax/outputs/qi_nfp2_electron_root_kinetic/twospecies_7x7x7x4/scan_cpu_matched8/Er-0.3/sfincsOutput.h5",
      "radial_current": -1.691089137450324e-08,
      "residual_gate": {
        "cpu_gpu_relative_difference": null,
        "failures": [],
        "max_cpu_gpu_relative_difference": 1e-07,
        "residual_norm": 5.349251472186235e-18,
        "residual_target": 1.1346570839166848e-11,
        "status": "pass"
      },
      "residual_norm": 5.349251472186235e-18,
      "residual_target": 1.1346570839166848e-11
    },
    {
      "bootstrap_current": 2.763162990545267e-06,
      "er": -0.1,
      "heat_flux": [
        -3.848345759519566e-08,
        -8.027796135567924e-10
      ],
      "particle_flux": [
        -1.6783360642504462e-08,
        -4.0383147256685164e-10
      ],
      "path": "/Users/rogeriojorge/local/tests/sfincs_jax/outputs/qi_nfp2_electron_root_kinetic/twospecies_7x7x7x4/scan_cpu_matched8/Er-0.1/sfincsOutput.h5",
      "radial_current": -1.637952916993761e-08,
      "residual_gate": {
        "cpu_gpu_relative_difference": null,
        "failures": [],
        "max_cpu_gpu_relative_difference": 1e-07,
        "residual_norm": 1.9491468474854972e-18,
        "residual_target": 9.97203047171276e-12,
        "status": "pass"
      },
      "residual_norm": 1.9491468474854972e-18,
      "residual_target": 9.97203047171276e-12
    },
    {
      "bootstrap_current": 2.7603185406873295e-06,
      "er": 0.0,
      "heat_flux": [
        -3.7685462978737655e-08,
        -8.221622066439175e-10
      ],
      "particle_flux": [
        -1.6346519711836192e-08,
        -4.149751304549807e-10
      ],
      "path": "/Users/rogeriojorge/local/tests/sfincs_jax/outputs/qi_nfp2_electron_root_kinetic/twospecies_7x7x7x4/scan_cpu_matched8/Er0/sfincsOutput.h5",
      "radial_current": -1.593154458138121e-08,
      "residual_gate": {
        "cpu_gpu_relative_difference": null,
        "failures": [],
        "max_cpu_gpu_relative_difference": 1e-07,
        "residual_norm": 1.7002040244176765e-18,
        "residual_target": 9.339726999387382e-12,
        "status": "pass"
      },
      "residual_norm": 1.7002040244176765e-18,
      "residual_target": 9.339726999387382e-12
    },
    {
      "bootstrap_current": 2.7027046253672003e-06,
      "er": 0.1,
      "heat_flux": [
        -3.661165538855367e-08,
        -8.415127236808299e-10
      ],
      "particle_flux": [
        -1.5792857964063048e-08,
        -4.2616515293842884e-10
      ],
      "path": "/Users/rogeriojorge/local/tests/sfincs_jax/outputs/qi_nfp2_electron_root_kinetic/twospecies_7x7x7x4/scan_cpu_matched8/Er0.1/sfincsOutput.h5",
      "radial_current": -1.536669281112462e-08,
      "residual_gate": {
        "cpu_gpu_relative_difference": null,
        "failures": [],
        "max_cpu_gpu_relative_difference": 1e-07,
        "residual_norm": 8.917662845561807e-18,
        "residual_target": 8.754814348313533e-12,
        "status": "pass"
      },
      "residual_norm": 8.917662845561807e-18,
      "residual_target": 8.754814348313533e-12
    },
    {
      "bootstrap_current": 2.4474182074021324e-06,
      "er": 0.3,
      "heat_flux": [
        -3.375672733670662e-08,
        -8.801271432259396e-10
      ],
      "particle_flux": [
        -1.4386201529648094e-08,
        -4.4866175348292324e-10
      ],
      "path": "/Users/rogeriojorge/local/tests/sfincs_jax/outputs/qi_nfp2_electron_root_kinetic/twospecies_7x7x7x4/scan_cpu_matched8/Er0.3/sfincsOutput.h5",
      "radial_current": -1.393753977616517e-08,
      "residual_gate": {
        "cpu_gpu_relative_difference": null,
        "failures": [],
        "max_cpu_gpu_relative_difference": 1e-07,
        "residual_norm": 1.2976121367206107e-18,
        "residual_target": 7.769222447725226e-12,
        "status": "pass"
      },
      "residual_norm": 1.2976121367206107e-18,
      "residual_target": 7.769222447725226e-12
    },
    {
      "bootstrap_current": 1.0182273213492134e-06,
      "er": 1.0,
      "heat_flux": [
        -2.10857816085375e-08,
        -1.0148681892835835e-09
      ],
      "particle_flux": [
        -8.32983483887429e-09,
        -5.277976456025315e-10
      ],
      "path": "/Users/rogeriojorge/local/tests/sfincs_jax/outputs/qi_nfp2_electron_root_kinetic/twospecies_7x7x7x4/scan_cpu_matched8/Er1/sfincsOutput.h5",
      "radial_current": -7.802037193271759e-09,
      "residual_gate": {
        "cpu_gpu_relative_difference": null,
        "failures": [],
        "max_cpu_gpu_relative_difference": 1e-07,
        "residual_norm": 4.123809231636467e-18,
        "residual_target": 7.39024160282214e-12,
        "status": "pass"
      },
      "residual_norm": 4.123809231636467e-18,
      "residual_target": 7.39024160282214e-12
    },
    {
      "bootstrap_current": 1.2685782955587302e-07,
      "er": 2.0,
      "heat_flux": [
        -8.751168057861566e-09,
        -1.2071459961102184e-09
      ],
      "particle_flux": [
        -2.155027200036713e-09,
        -6.393859532666981e-10
      ],
      "path": "/Users/rogeriojorge/local/tests/sfincs_jax/outputs/qi_nfp2_electron_root_kinetic/twospecies_7x7x7x4/scan_cpu_matched8/Er2/sfincsOutput.h5",
      "radial_current": -1.5156412467700147e-09,
      "residual_gate": {
        "cpu_gpu_relative_difference": null,
        "failures": [],
        "max_cpu_gpu_relative_difference": 1e-07,
        "residual_norm": 1.005099444040169e-18,
        "residual_target": 1.359107637666674e-11,
        "status": "pass"
      },
      "residual_norm": 1.005099444040169e-18,
      "residual_target": 1.359107637666674e-11
    },
    {
      "bootstrap_current": 7.160454330321116e-07,
      "er": 3.0,
      "heat_flux": [
        -2.9014307880868065e-09,
        -1.3980158681586665e-09
      ],
      "particle_flux": [
        1.1915378282136229e-09,
        -7.484475499332567e-10
      ],
      "path": "/Users/rogeriojorge/local/tests/sfincs_jax/outputs/qi_nfp2_electron_root_kinetic/twospecies_7x7x7x4/scan_cpu_matched8/Er3/sfincsOutput.h5",
      "radial_current": 1.93998537814688e-09,
      "residual_gate": {
        "cpu_gpu_relative_difference": null,
        "failures": [],
        "max_cpu_gpu_relative_difference": 1e-07,
        "residual_norm": 4.390641651118045e-19,
        "residual_target": 2.185258700492924e-11,
        "status": "pass"
      },
      "residual_norm": 4.390641651118045e-19,
      "residual_target": 2.185258700492924e-11
    }
  ],
  "scan_dir": "/Users/rogeriojorge/local/tests/sfincs_jax/outputs/qi_nfp2_electron_root_kinetic/twospecies_7x7x7x4/scan_cpu_matched8",
  "selected_root": {
    "bracket": [
      2.0,
      3.0
    ],
    "er": 2.4386009865306164,
    "root_type": "electron",
    "slope": 3.4556266249168946e-09
  },
  "workflow": "sfincs_jax_optimization_high_fidelity_promotion"
}
