{
  "bootstrap_objective": 3.85998663958165e-09,
  "claim_boundary": "This audit evaluates completed sfincs_jax kinetic outputs. It promotes a proxy optimization candidate only if the scan is bracketed, residual-gated, and the requested observables are present.",
  "electron_root_penalty": 0.0,
  "failures": [],
  "flux_objective": null,
  "gate_status": "pass",
  "runs": [
    {
      "bootstrap_current": 2.4624964546337247e-05,
      "er": -0.3,
      "heat_flux": [
        -3.663054540015746e-08,
        -6.857718107940642e-10
      ],
      "particle_flux": [
        -1.774749891026181e-08,
        -3.5246523516499776e-10
      ],
      "path": "/Users/rogeriojorge/local/tests/sfincs_jax/outputs/qi_nfp2_electron_root_kinetic/twospecies_11x11x13x4/cpu_campaign_dense8000_default/cpu_scan/Er-0.3/sfincsOutput.h5",
      "radial_current": -1.739503367509681e-08,
      "residual_gate": {
        "cpu_gpu_relative_difference": null,
        "failures": [],
        "max_cpu_gpu_relative_difference": 1e-07,
        "residual_norm": 6.4960717323588345e-18,
        "residual_target": 1.8072380571324168e-11,
        "status": "pass"
      },
      "residual_norm": 6.4960717323588345e-18,
      "residual_target": 1.8072380571324168e-11
    },
    {
      "bootstrap_current": 2.4644313796535356e-05,
      "er": -0.1,
      "heat_flux": [
        -3.5814437851316065e-08,
        -7.224788663161044e-10
      ],
      "particle_flux": [
        -1.713200826087286e-08,
        -3.7470328465913155e-10
      ],
      "path": "/Users/rogeriojorge/local/tests/sfincs_jax/outputs/qi_nfp2_electron_root_kinetic/twospecies_11x11x13x4/cpu_campaign_dense8000_default/cpu_scan/Er-0.1/sfincsOutput.h5",
      "radial_current": -1.6757304976213727e-08,
      "residual_gate": {
        "cpu_gpu_relative_difference": null,
        "failures": [],
        "max_cpu_gpu_relative_difference": 1e-07,
        "residual_norm": 3.731233927785204e-18,
        "residual_target": 1.5883065668752067e-11,
        "status": "pass"
      },
      "residual_norm": 3.731233927785204e-18,
      "residual_target": 1.5883065668752067e-11
    },
    {
      "bootstrap_current": 2.4485656454189706e-05,
      "er": 0.0,
      "heat_flux": [
        -3.498296046517955e-08,
        -7.408525010894683e-10
      ],
      "particle_flux": [
        -1.6619098011073552e-08,
        -3.859191701960906e-10
      ],
      "path": "/Users/rogeriojorge/local/tests/sfincs_jax/outputs/qi_nfp2_electron_root_kinetic/twospecies_11x11x13x4/cpu_campaign_dense8000_default/cpu_scan/Er0/sfincsOutput.h5",
      "radial_current": -1.623317884087746e-08,
      "residual_gate": {
        "cpu_gpu_relative_difference": null,
        "failures": [],
        "max_cpu_gpu_relative_difference": 1e-07,
        "residual_norm": 7.079561104059014e-18,
        "residual_target": 1.4875957076172827e-11,
        "status": "pass"
      },
      "residual_norm": 7.079561104059014e-18,
      "residual_target": 1.4875957076172827e-11
    },
    {
      "bootstrap_current": 2.4222156019136402e-05,
      "er": 0.1,
      "heat_flux": [
        -3.38823054889363e-08,
        -7.592372353903531e-10
      ],
      "particle_flux": [
        -1.5976477893664612e-08,
        -3.97197846243918e-10
      ],
      "path": "/Users/rogeriojorge/local/tests/sfincs_jax/outputs/qi_nfp2_electron_root_kinetic/twospecies_11x11x13x4/cpu_campaign_dense8000_default/cpu_scan/Er0.1/sfincsOutput.h5",
      "radial_current": -1.5579280047420696e-08,
      "residual_gate": {
        "cpu_gpu_relative_difference": null,
        "failures": [],
        "max_cpu_gpu_relative_difference": 1e-07,
        "residual_norm": 9.360498645057951e-18,
        "residual_target": 1.3944330756553873e-11,
        "status": "pass"
      },
      "residual_norm": 9.360498645057951e-18,
      "residual_target": 1.3944330756553873e-11
    },
    {
      "bootstrap_current": 2.342505869107459e-05,
      "er": 0.3,
      "heat_flux": [
        -3.1004142107036255e-08,
        -7.960280176525228e-10
      ],
      "particle_flux": [
        -1.4366843595078205e-08,
        -4.1990976461010784e-10
      ],
      "path": "/Users/rogeriojorge/local/tests/sfincs_jax/outputs/qi_nfp2_electron_root_kinetic/twospecies_11x11x13x4/cpu_campaign_dense8000_default/cpu_scan/Er0.3/sfincsOutput.h5",
      "radial_current": -1.3946933830468097e-08,
      "residual_gate": {
        "cpu_gpu_relative_difference": null,
        "failures": [],
        "max_cpu_gpu_relative_difference": 1e-07,
        "residual_norm": 3.9653667683639525e-18,
        "residual_target": 1.2374517976294133e-11,
        "status": "pass"
      },
      "residual_norm": 3.9653667683639525e-18,
      "residual_target": 1.2374517976294133e-11
    },
    {
      "bootstrap_current": 1.9571824075032354e-05,
      "er": 1.0,
      "heat_flux": [
        -1.8644810077218463e-08,
        -9.247018251422725e-10
      ],
      "particle_flux": [
        -7.685162816764926e-09,
        -4.998645392699765e-10
      ],
      "path": "/Users/rogeriojorge/local/tests/sfincs_jax/outputs/qi_nfp2_electron_root_kinetic/twospecies_11x11x13x4/cpu_campaign_dense8000_default/cpu_scan/Er1/sfincsOutput.h5",
      "radial_current": -7.1852982774949495e-09,
      "residual_gate": {
        "cpu_gpu_relative_difference": null,
        "failures": [],
        "max_cpu_gpu_relative_difference": 1e-07,
        "residual_norm": 7.982400461346825e-19,
        "residual_target": 1.1770891897947327e-11,
        "status": "pass"
      },
      "residual_norm": 7.982400461346825e-19,
      "residual_target": 1.1770891897947327e-11
    },
    {
      "bootstrap_current": 1.645578499245633e-05,
      "er": 2.0,
      "heat_flux": [
        -7.172706453822896e-09,
        -1.1073685419334499e-09
      ],
      "particle_flux": [
        -1.3386663960550501e-09,
        -6.12448325299805e-10
      ],
      "path": "/Users/rogeriojorge/local/tests/sfincs_jax/outputs/qi_nfp2_electron_root_kinetic/twospecies_11x11x13x4/cpu_campaign_dense8000_default/cpu_scan/Er2/sfincsOutput.h5",
      "radial_current": -7.262180707552451e-10,
      "residual_gate": {
        "cpu_gpu_relative_difference": null,
        "failures": [],
        "max_cpu_gpu_relative_difference": 1e-07,
        "residual_norm": 1.0665032963953625e-18,
        "residual_target": 2.1647342455678036e-11,
        "status": "pass"
      },
      "residual_norm": 1.0665032963953625e-18,
      "residual_target": 2.1647342455678036e-11
    },
    {
      "bootstrap_current": 1.6044089626430563e-05,
      "er": 3.0,
      "heat_flux": [
        -2.0059714959618402e-09,
        -1.2883280693573017e-09
      ],
      "particle_flux": [
        1.8163635656962832e-09,
        -7.227069071178803e-10
      ],
      "path": "/Users/rogeriojorge/local/tests/sfincs_jax/outputs/qi_nfp2_electron_root_kinetic/twospecies_11x11x13x4/cpu_campaign_dense8000_default/cpu_scan/Er3/sfincsOutput.h5",
      "radial_current": 2.5390704728141634e-09,
      "residual_gate": {
        "cpu_gpu_relative_difference": null,
        "failures": [],
        "max_cpu_gpu_relative_difference": 1e-07,
        "residual_norm": 2.8668124881251197e-18,
        "residual_target": 3.4805958066010086e-11,
        "status": "pass"
      },
      "residual_norm": 2.8668124881251197e-18,
      "residual_target": 3.4805958066010086e-11
    }
  ],
  "scan_dir": "/Users/rogeriojorge/local/tests/sfincs_jax/outputs/qi_nfp2_electron_root_kinetic/twospecies_11x11x13x4/cpu_campaign_dense8000_default/cpu_scan",
  "selected_root": {
    "bracket": [
      2.0,
      3.0
    ],
    "er": 2.2224054814957914,
    "root_type": "electron",
    "slope": 3.2652885435694085e-09
  },
  "workflow": "sfincs_jax_optimization_high_fidelity_promotion"
}
