{
 "benchmark": "ICNTS-style monoenergetic coefficients, TJ-II standard configuration",
 "references": [
  "C.D. Beidler et al., Nucl. Fusion 51, 076001 (2011)",
  "S.P. Hirshman et al., Phys. Fluids 29, 2951 (1986)"
 ],
 "equilibrium": "TJ-II mid-radius Boozer |B| spectrum (s = 0.493, fort.996 format), 121 cosine modes with |B_mn/B_00| >= 1e-4, geometryScheme = 13",
 "rN": 0.70213959,
 "resolution": {
  "Ntheta": 29,
  "Nzeta": 63,
  "Nxi": 70,
  "Nx": 1,
  "solverTolerance": 1e-08
 },
 "nu_prime": [
  0.01,
  0.03,
  0.1,
  0.3,
  1.0,
  3.0,
  10.0,
  30.0
 ],
 "e_star": [
  0.0,
  0.03,
  0.1
 ],
 "nu_star": [
  0.005250275884622747,
  0.015750827653868243,
  0.052502758846227474,
  0.15750827653868243,
  0.5250275884622748,
  1.5750827653868242,
  5.250275884622748,
  15.750827653868242
 ],
 "d11_star": [
  [
   30.20973274413622,
   10.95844865217695,
   3.0748425948180937
  ],
  [
   13.674731325984324,
   9.8791731089492,
   4.539380400508773
  ],
  [
   7.2349949866917616,
   6.831998776574516,
   5.203602224470541
  ],
  [
   5.531821336936179,
   5.523677649124079,
   5.320333635466245
  ],
  [
   7.43854517615283,
   7.280822132641438,
   6.480696771571752
  ],
  [
   17.513467442584837,
   14.843609145740382,
   11.804090681991262
  ],
  [
   55.72127567287068,
   36.49282637756236,
   17.44697157517181
  ],
  [
   166.25253220387648,
   56.87453209791982,
   13.160993121373856
  ]
 ],
 "d31_star": [
  [
   -0.11892199009008536,
   0.24981911009237193,
   0.22780217033910313
  ],
  [
   0.08651160866059374,
   0.16740910254038602,
   0.2309326130681922
  ],
  [
   0.0883350164957983,
   0.09530152659477951,
   0.1215442657979496
  ],
  [
   0.04792605034886741,
   0.04837240797432831,
   0.05353608222212308
  ],
  [
   0.015711139649934897,
   0.016016490380251092,
   0.017444331771155078
  ],
  [
   0.0035004987255188038,
   0.0038265722213591397,
   0.0035826391798377774
  ],
  [
   0.00044228931418689786,
   0.0004648325786689385,
   0.00027376141298094607
  ],
  [
   5.253620008092023e-05,
   3.362642093180637e-05,
   3.3080951281940056e-05
  ]
 ],
 "d33_star": [
  [
   0.5276831622324103,
   0.5321476776082695,
   0.5279686811498687
  ],
  [
   0.5997253338971259,
   0.6017479883146344,
   0.6024178313292579
  ],
  [
   0.7244532519842831,
   0.7248837812746268,
   0.7266967289429601
  ],
  [
   0.8524538742892236,
   0.8525492524101854,
   0.8534152296723595
  ],
  [
   0.9488753403367437,
   0.9488952876520719,
   0.9489691701686992
  ],
  [
   0.9859416274333068,
   0.9859483825630897,
   0.9859511694253853
  ],
  [
   0.9977382498212365,
   0.9977387303074484,
   0.9977372857553152
  ],
  [
   0.9997165592223058,
   0.999716554808984,
   0.9997161842858465
  ]
 ],
 "geometry": {
  "GHat": 1.69047,
  "IHat": 0.0,
  "iota": -1.59235,
  "B0OverBBar": 0.979469,
  "rHat": 0.12401926574648245,
  "R0": 1.7259045462388292,
  "eps_t": 0.07185754624538823
 },
 "scan_seconds": 1132.0440187454224,
 "seconds_per_point": 47.168500781059265,
 "convergence_check": {
  "nu_prime": 0.01,
  "e_star": 0.0,
  "ladder": {
   "coarse_23x49x70": {
    "resolution": [
     23,
     49,
     70
    ],
    "seconds": 8.856389284133911,
    "d11_star": {
     "production": 30.20973274413622,
     "value": 30.645094048365827,
     "rel_dev": 0.014206557941786605
    },
    "d31_star": {
     "production": -0.11892199009008536,
     "value": -0.060249518130539734,
     "rel_dev": 0.9738247504722412
    },
    "d33_star": {
     "production": 0.5276831622324103,
     "value": 0.5145663299852125,
     "rel_dev": 0.02549104261752764
    }
   },
   "fine_35x77x84": {
    "resolution": [
     35,
     77,
     84
    ],
    "seconds": 305.69038796424866,
    "d11_star": {
     "production": 30.20973274413622,
     "value": 30.140302305200798,
     "rel_dev": 0.002303574736323719
    },
    "d31_star": {
     "production": -0.11892199009008536,
     "value": -0.13096369695771115,
     "rel_dev": 0.09194690702350987
    },
    "d33_star": {
     "production": 0.5276831622324103,
     "value": 0.531391201470678,
     "rel_dev": 0.006977983880811937
    }
   }
  }
 },
 "convergence_note": "D11* and D33* are grid converged to ~1-3% at the production resolution; the small bootstrap coefficient D31* still drifts across the resolution ladder at nuPrime = 1e-2 (a known-hard low-collisionality regime for this strong-ripple configuration), which is why the scan does not extend below nuPrime = 1e-2.",
 "fortran_crosscheck": [
  {
   "nu_prime": 0.01,
   "e_star": 0.0001,
   "fortran_seconds": 22.195226907730103,
   "d11_star": {
    "sfincs_jax": 30.208321023681275,
    "fortran": 30.20832102368299,
    "rel_dev": 5.6804239650239006e-14
   },
   "d31_star": {
    "sfincs_jax": -0.11887982894718647,
    "fortran": -0.11887982894511216,
    "rel_dev": 1.7448821739066894e-11
   },
   "d33_star": {
    "sfincs_jax": 0.5276838317029007,
    "fortran": 0.5276838317028296,
    "rel_dev": 1.3465311860459831e-13
   }
  },
  {
   "nu_prime": 0.01,
   "e_star": 0.1,
   "fortran_seconds": 13.737666845321655,
   "d11_star": {
    "sfincs_jax": 3.0748425948180937,
    "fortran": 3.0748425948166846,
    "rel_dev": 4.582657548811067e-13
   },
   "d31_star": {
    "sfincs_jax": 0.22780217033910313,
    "fortran": 0.22780217034579317,
    "rel_dev": 2.936775098666677e-11
   },
   "d33_star": {
    "sfincs_jax": 0.5279686811498687,
    "fortran": 0.5279686811499658,
    "rel_dev": 1.8378645517550502e-13
   }
  },
  {
   "nu_prime": 30.0,
   "e_star": 0.0001,
   "fortran_seconds": 11.288734912872314,
   "d11_star": {
    "sfincs_jax": 166.18203291597908,
    "fortran": 166.1820329159921,
    "rel_dev": 7.833062750956614e-14
   },
   "d31_star": {
    "sfincs_jax": 5.255296724210705e-05,
    "fortran": 5.255296724604988e-05,
    "rel_dev": 7.502582928936103e-11
   },
   "d33_star": {
    "sfincs_jax": 0.9997165592280883,
    "fortran": 0.9997165592280817,
    "rel_dev": 6.663226777892332e-15
   }
  }
 ],
 "fortran_crosscheck_note": "Matched decks at the scan resolution; e_star = 1e-4 serves as the quasi-zero field (same convention as the W7-X case).  The runs pass PETSc options '-mat_mumps_cntl_1 0.1 -mat_mumps_icntl_10 10': with the default pivot threshold the upstream factorized preconditioner is inaccurate on this deck and the Krylov solve reports preconditioned-residual convergence while the true residual stagnates at the 10-percent level."
}