{
 "benchmark": "ICNTS-style monoenergetic coefficients, W7-X standard configuration",
 "references": [
  "C.D. Beidler et al., Nucl. Fusion 51, 076001 (2011)",
  "S.P. Hirshman et al., Phys. Fluids 29, 2951 (1986)"
 ],
 "equilibrium": "w7x_standardConfig.bc",
 "rN": 0.5,
 "resolution": {
  "Ntheta": 29,
  "Nzeta": 55,
  "Nxi": 64,
  "Nx": 1,
  "solverTolerance": 1e-08
 },
 "nu_prime": [
  0.003,
  0.01,
  0.03,
  0.1,
  0.3,
  1.0,
  3.0,
  10.0,
  30.0
 ],
 "e_star": [
  0.0,
  0.03,
  0.1
 ],
 "nu_star": [
  0.0028767368286216908,
  0.009589122762072301,
  0.02876736828621691,
  0.09589122762072302,
  0.2876736828621691,
  0.9589122762072303,
  2.876736828621691,
  9.589122762072302,
  28.767368286216907
 ],
 "d11_star": [
  [
   0.2450738296376182,
   0.20009185473899926,
   0.14816503728403285
  ],
  [
   0.1721639688226577,
   0.16768798536139531,
   0.16382189086890386
  ],
  [
   0.19412525238605677,
   0.1943617407478679,
   0.19841074489217703
  ],
  [
   0.27289996406409406,
   0.27329798487929896,
   0.278089416115382
  ],
  [
   0.3861936015532242,
   0.3862784082993562,
   0.39191385266263035
  ],
  [
   0.7493480977854472,
   0.7459888829364489,
   0.7299200330042994
  ],
  [
   1.9104458163829405,
   1.8207220269847333,
   1.3213106000383625
  ],
  [
   6.202849716349015,
   4.1731308136668455,
   1.9521132812223698
  ],
  [
   18.5630251822795,
   6.125108382741556,
   3.9416557800833534
  ]
 ],
 "d31_star": [
  [
   -0.028372786712171798,
   -0.029909452837175315,
   -0.04254074916519089
  ],
  [
   0.009877548814641087,
   0.010298789320395437,
   0.0066609181749093475
  ],
  [
   0.021088089571935163,
   0.02119244101110547,
   0.02179883442183465
  ],
  [
   0.0170369185519177,
   0.017054418681584443,
   0.017235473846881837
  ],
  [
   0.00804383573193035,
   0.008042376231053994,
   0.008030569167623788
  ],
  [
   0.0019612679198145523,
   0.0019621643474913644,
   0.0019717660740432162
  ],
  [
   0.00028147473738756104,
   0.0002840024243473683,
   0.0002995390431037371
  ],
  [
   2.6114073630132733e-05,
   2.77683329555915e-05,
   3.0497390342530993e-05
  ],
  [
   2.901616483276512e-06,
   3.3445060276988495e-06,
   4.28877135237817e-06
  ]
 ],
 "d33_star": [
  [
   0.633955942923186,
   0.6387392679567517,
   0.6446597670032281
  ],
  [
   0.6973894280468511,
   0.699713034128183,
   0.7096191731715585
  ],
  [
   0.7828499403230508,
   0.7834590220291247,
   0.7882131113813247
  ],
  [
   0.8915854499606057,
   0.8916618999965564,
   0.8923839540829342
  ],
  [
   0.9596666400539827,
   0.9596708671491266,
   0.9597131848012642
  ],
  [
   0.99047584394947,
   0.9904759399695443,
   0.9904769297915655
  ],
  [
   0.9985330241105365,
   0.9985329643740877,
   0.9985322932482432
  ],
  [
   0.9998538870950376,
   0.99985387903488,
   0.9998537881780287
  ],
  [
   0.9999832916923715,
   0.9999832906860692,
   0.9999832796593834
  ]
 ],
 "geometry": {
  "GHat": -16.2,
  "IHat": 2.7730000000000003e-07,
  "iota": -0.87185,
  "B0OverBBar": 2.79891589,
  "rHat": 0.2622311221327587,
  "R0": 5.787955278641832,
  "eps_t": 0.04530634904875981
 },
 "scan_seconds": 767.3860654830933,
 "seconds_per_point": 28.421706129003454,
 "convergence_check": {
  "nu_prime": 0.003,
  "e_star": 0.0,
  "fine_resolution": {
   "Ntheta": 43,
   "Nzeta": 83,
   "Nxi": 96
  },
  "seconds": 136.87211227416992,
  "d11_star": {
   "base": 0.2450738296376182,
   "fine_1p5x": 0.24483724132685902,
   "rel_dev": 0.0009663085136763632
  },
  "d31_star": {
   "base": -0.028372786712171798,
   "fine_1p5x": -0.028512489925974056,
   "rel_dev": 0.004899719882934285
  },
  "d33_star": {
   "base": 0.633955942923186,
   "fine_1p5x": 0.6339025668042064,
   "rel_dev": 8.420240234818944e-05
  }
 },
 "fortran_crosscheck": [
  {
   "nu_prime": 0.003,
   "e_star": 0.0001,
   "fortran_seconds": 10.521722078323364,
   "d11_star": {
    "dkx": 0.24507190713046884,
    "fortran": 0.24507187995648977,
    "rel_dev": 1.1088166896893506e-07
   },
   "d31_star": {
    "dkx": -0.028372414492739573,
    "fortran": -0.02837186869158968,
    "rel_dev": 1.9237405749584863e-05
   },
   "d33_star": {
    "dkx": 0.6339560811177551,
    "fortran": 0.6339560825175723,
    "rel_dev": 2.2080664413268098e-09
   }
  },
  {
   "nu_prime": 0.003,
   "e_star": 0.1,
   "fortran_seconds": 14.454782009124756,
   "d11_star": {
    "dkx": 0.14816503728403285,
    "fortran": 0.14816503725698885,
    "rel_dev": 1.82526231722696e-10
   },
   "d31_star": {
    "dkx": -0.04254074916519089,
    "fortran": -0.042540749123525,
    "rel_dev": 9.794348669573307e-10
   },
   "d33_star": {
    "dkx": 0.6446597670032281,
    "fortran": 0.6446597669953773,
    "rel_dev": 1.21782551017964e-11
   }
  },
  {
   "nu_prime": 0.3,
   "e_star": 0.0001,
   "fortran_seconds": 8.820750713348389,
   "d11_star": {
    "dkx": 0.3861913988061305,
    "fortran": 0.386191374929454,
    "rel_dev": 6.182602221288856e-08
   },
   "d31_star": {
    "dkx": 0.008043835759861845,
    "fortran": 0.008043847371960225,
    "rel_dev": 1.4436000390253876e-06
   },
   "d33_star": {
    "dkx": 0.9596666401073821,
    "fortran": 0.9596666403186243,
    "rel_dev": 2.2012032722664286e-10
   }
  },
  {
   "nu_prime": 30.0,
   "e_star": 0.0001,
   "fortran_seconds": 6.803619146347046,
   "d11_star": {
    "dkx": 18.525002027131272,
    "fortran": 18.525002099700934,
    "rel_dev": 3.9173902323385896e-09
   },
   "d31_star": {
    "dkx": 2.9015873009404518e-06,
    "fortran": 2.901417370683056e-06,
    "rel_dev": 5.856801545099148e-05
   },
   "d33_star": {
    "dkx": 0.999983291691219,
    "fortran": 0.9999832916809145,
    "rel_dev": 1.0304707177393993e-11
   }
  },
  {
   "nu_prime": 30.0,
   "e_star": 0.1,
   "fortran_seconds": 32.20193910598755,
   "d11_star": {
    "dkx": 3.9416557800833534,
    "fortran": 3.9416557800775633,
    "rel_dev": 1.468934742422176e-12
   },
   "d31_star": {
    "dkx": 4.28877135237817e-06,
    "fortran": 4.288771283557812e-06,
    "rel_dev": 1.604663747695623e-08
   },
   "d33_star": {
    "dkx": 0.9999832796593834,
    "fortran": 0.9999832796591972,
    "rel_dev": 1.861875143483319e-13
   }
  }
 ],
 "fortran_crosscheck_note": "Matched decks at the scan resolution; e_star = 1e-4 serves as the quasi-zero field (D11* differs from EStar = 0 by < 0.1% on this surface) because the upstream Krylov solve at exactly EStar = 0 returns an Onsager-violating matrix at this problem size."
}