{
 "benchmark": "ICNTS-style monoenergetic coefficients, HSX quasi-helically symmetric configuration",
 "references": [
  "C.D. Beidler et al., Nucl. Fusion 51, 076001 (2011)",
  "S.P. Hirshman et al., Phys. Fluids 29, 2951 (1986)"
 ],
 "equilibrium": "hsx3free.bc",
 "rN": 0.5,
 "resolution": {
  "Ntheta": 15,
  "Nzeta": 91,
  "Nxi": 96,
  "Nx": 1,
  "solverTolerance": 1e-08
 },
 "nu_prime": [
  0.003,
  0.01,
  0.03,
  0.1,
  0.3,
  1.0,
  3.0,
  10.0,
  30.0
 ],
 "e_star": [
  0.0,
  0.03,
  0.1
 ],
 "nu_star": [
  0.0023839008090040465,
  0.007946336030013487,
  0.023839008090040463,
  0.07946336030013487,
  0.23839008090040464,
  0.7946336030013487,
  2.383900809004046,
  7.946336030013487,
  23.839008090040466
 ],
 "d11_star": [
  [
   0.2602596894033883,
   0.19262705956382525,
   0.17185216947603177
  ],
  [
   0.39483441492591237,
   0.3834298202617724,
   0.3703715621676903
  ],
  [
   0.7223456788216411,
   0.720994467405611,
   0.7176925679062799
  ],
  [
   1.0829266319697415,
   1.0830844104126058,
   1.0855378680021817
  ],
  [
   1.3135279588716429,
   1.313844003275517,
   1.3168521720736146
  ],
  [
   1.7393876442343907,
   1.739528218374794,
   1.7443364469660265
  ],
  [
   3.6575221051067834,
   3.652521826596653,
   3.6362042446342078
  ],
  [
   11.496474878452581,
   11.364953435952371,
   10.444483097588385
  ],
  [
   34.30158833923747,
   31.547732550287577,
   18.429555628590695
  ]
 ],
 "d31_star": [
  [
   0.3820679810511357,
   0.37893057924823587,
   0.37511144230254184
  ],
  [
   0.32020906408236943,
   0.31990611696888477,
   0.31795286594880245
  ],
  [
   0.22483712575128204,
   0.22481106333066397,
   0.22431194697440376
  ],
  [
   0.10060625464149571,
   0.10060536615859032,
   0.10058145958302948
  ],
  [
   0.03416431811204998,
   0.03416374589258585,
   0.03415575505141266
  ],
  [
   0.006327135357229482,
   0.006328701647021997,
   0.006345906894634311
  ],
  [
   0.0008052535089984984,
   0.0008067592077805277,
   0.0008223417367127893
  ],
  [
   7.263538910829232e-05,
   7.396445893648392e-05,
   8.608763294627097e-05
  ],
  [
   8.024109432569907e-06,
   9.235492122082965e-06,
   1.5799095810445023e-05
  ]
 ],
 "d33_star": [
  [
   0.6901470885901949,
   0.690496386880232,
   0.6919868843686049
  ],
  [
   0.741421009313562,
   0.7415689730813037,
   0.742438304028753
  ],
  [
   0.816153673248331,
   0.8162074646735846,
   0.816627580186597
  ],
  [
   0.9161196370983431,
   0.9161365735800824,
   0.9163014335333003
  ],
  [
   0.9711591822995645,
   0.9711646066549242,
   0.9712192825894213
  ],
  [
   0.9944734334600692,
   0.9944732065234704,
   0.9944709248946311
  ],
  [
   0.999221042594073,
   0.9992208327029689,
   0.999218715755295
  ],
  [
   0.9999159440794737,
   0.9999159222056253,
   0.9999156898407618
  ],
  [
   0.9999899973766456,
   0.9999899949861988,
   0.9999899637119292
  ]
 ],
 "geometry": {
  "GHat": 1.441038936,
  "IHat": 1.467183488e-18,
  "iota": -1.05209203,
  "B0OverBBar": 1.0086145,
  "rHat": 0.0554791126578771,
  "R0": 1.428731131666261,
  "eps_t": 0.038831037854669306
 },
 "scan_seconds": 547.7234165668488,
 "seconds_per_point": 20.286052465438843,
 "convergence_check": {
  "nu_prime": 0.003,
  "e_star": 0.0,
  "fine_resolution": {
   "Ntheta": 19,
   "Nzeta": 115,
   "Nxi": 120
  },
  "seconds": 35.266180753707886,
  "d11_star": {
   "base": 0.2602596894033883,
   "fine_1p27x": 0.25892743377357796,
   "rel_dev": 0.005145285728878484
  },
  "d31_star": {
   "base": 0.3820679810511357,
   "fine_1p27x": 0.38354476803162074,
   "rel_dev": 0.0038503640345923917
  },
  "d33_star": {
   "base": 0.6901470885901949,
   "fine_1p27x": 0.6899687406000103,
   "rel_dev": 0.0002584870584564073
  }
 },
 "fortran_crosscheck": [
  {
   "nu_prime": 0.003,
   "e_star": 0.0001,
   "fortran_seconds": 19.982652187347412,
   "d11_star": {
    "sfincs_jax": 0.26025374758201153,
    "fortran": 0.2602537475832802,
    "rel_dev": 4.874672745425895e-12
   },
   "d31_star": {
    "sfincs_jax": 0.3820680199814341,
    "fortran": 0.38206801998025414,
    "rel_dev": 3.0883114232711697e-12
   },
   "d33_star": {
    "sfincs_jax": 0.6901471015913997,
    "fortran": 0.6901471015913644,
    "rel_dev": 5.115589430379742e-14
   }
  },
  {
   "nu_prime": 0.003,
   "e_star": 0.1,
   "fortran_seconds": 20.155820608139038,
   "d11_star": {
    "sfincs_jax": 0.17185216947603177,
    "fortran": 0.17185216946961407,
    "rel_dev": 3.7344304263390114e-11
   },
   "d31_star": {
    "sfincs_jax": 0.37511144230254184,
    "fortran": 0.3751114423177125,
    "rel_dev": 4.044302788060834e-11
   },
   "d33_star": {
    "sfincs_jax": 0.6919868843686049,
    "fortran": 0.6919868843685153,
    "rel_dev": 1.2947499455717518e-13
   }
  },
  {
   "nu_prime": 30.0,
   "e_star": 0.0001,
   "fortran_seconds": 15.48237419128418,
   "d11_star": {
    "sfincs_jax": 34.30131877674278,
    "fortran": 34.30131877674331,
    "rel_dev": 1.5328904054236356e-14
   },
   "d31_star": {
    "sfincs_jax": 8.024121040109543e-06,
    "fortran": 8.024121040166559e-06,
    "rel_dev": 7.105511178131229e-12
   },
   "d33_star": {
    "sfincs_jax": 0.9999899973764539,
    "fortran": 0.9999899973764483,
    "rel_dev": 5.55117064939606e-15
   }
  }
 ],
 "fortran_crosscheck_note": "Matched decks at the scan resolution; e_star = 1e-4 serves as the quasi-zero field (same convention as the W7-X case).  The runs pass PETSc options '-mat_mumps_cntl_1 0.1 -mat_mumps_icntl_10 10' (MUMPS pivot threshold + iterative refinement; see the TJ-II script docstring for the upstream solver reproducibility note)."
}